<?xml version="1.0" encoding="UTF-8"?>
<translations>
    <token id="button_repeat">TRY AGAIN</token>
    <token id="button_finish">ACCEPT</token>
    <token id="button_skip">SKIP</token>
    <token id="button_ready">READY</token>
    <token id="CaptureTipFront">Please capture&#10;document's front</token>
    <token id="CaptureInfoFront">Please capture&#10;document's front</token>
    <token id="CaptureTipFrontID">Please capture&#10;document's front</token>
    <token id="CaptureInfoFrontID">Please capture&#10;document's front</token>
    <token id="CaptureTipFrontPP">Please capture passport</token>
    <token id="CaptureInfoFrontPP">Please capture passport</token>
    <token id="CaptureTipFrontDL">Please capture&#10;driver licence's front</token>
    <token id="CaptureInfoFrontDL">Please capture&#10;driver licence's front</token>
    <token id="CaptureTipBack">Please capture&#10;document's back</token>
    <token id="CaptureInfoBack">Please capture&#10;document's back</token>
    <token id="CaptureTipBackID">Please capture&#10;document's back</token>
    <token id="CaptureInfoBackID">Please capture&#10;document's back</token>
    <token id="CaptureTipBackPP">Please capture passport</token>
    <token id="CaptureInfoBackPP">Please capture passport</token>
    <token id="CaptureTipBackDL">Please capture&#10;driver license's back</token>
    <token id="CaptureInfoBackDL">Please capture&#10;driver license's back</token>
    <token id="CaptureSuccessFront">Document scanned&#10;successfully!</token>
    <token id="CaptureSuccessBack">Document scanned&#10;successfully!</token>
    <token id="CaptureError">Processing document...</token>
    <token id="CaptureErrorLight">There is not&#10;enough light</token>
    <token id="Tutorial1">Find a background&#10;with high contrast to&#10;capture the document</token>
    <token id="Tutorial2">Be sure the images&#10;and text of the document&#10;are properly focused</token>
    <token id="Tutorial3">Avoid any glare on&#10;the document to better&#10;capture the information</token>
    <token id="Tutorial1_PP">Find a background&#10;with high contrast to&#10;capture the passport</token>
    <token id="Tutorial2_PP">Be sure the images&#10;and text of the passport&#10;are properly focused</token>
    <token id="Tutorial3_PP">Avoid any glare on&#10;the passport to better&#10;capture the information</token>
    <token id="timeout_no_front_document">Front document was not detected. Be sure to place the front document inside the capturing area</token>
    <token id="timeout_uncertain_front_document">It seems that the front document is not the expected one or there are glares or shadows that make it difficult to scan it</token>
    <token id="timeout_unclear_front_document">Front document could not be successfully scanned. Make sure the image is sharp and the data in the document is clearly readable</token>
    <token id="timeout_no_back_document">Back document was not detected. Be sure to place the back document inside the capturing area</token>
    <token id="timeout_uncertain_back_document">It seems that the back document is not the expected one or there are glares or shadows that make it difficult to scan it</token>
    <token id="timeout_unclear_back_document">Back document could not be successfully scanned. Make sure the image is sharp and the data in the document is clearly readable</token>
    <token id="timeout_no_user_activity">Time without user activity has been exceeded</token>
</translations>
